date,well_id,qo,qw,qg,wellhead_pressure,choke
2022-10-01,DCL-01,824.59,92.17,170707.13,310.3,0.5
2022-11-01,DCL-01,787.08,92.87,169894.34,311.1,0.46875
2022-12-01,DCL-01,756.03,94.69,174640.15,311.8,0.453125
2023-01-01,DCL-01,725.02,94.95,172404.55,313.2,0.4375
2023-02-01,DCL-01,697.9,96.41,169487.14,314.0,0.421875
2023-03-01,DCL-01,671.92,98.49,173500.02,315.5,0.40625
2023-04-01,DCL-01,649.2,100.44,172390.85,315.8,0.390625
2023-05-01,DCL-01,642.05,101.33,171571.98,317.4,0.375
2023-06-01,DCL-01,624.09,102.78,168229.46,318.0,0.375
2023-07-01,DCL-01,600.46,103.26,168685.69,319.6,0.359375
2023-08-01,DCL-01,572.64,104.07,166083.71,320.0,0.34375
2023-09-01,DCL-01,555.56,103.81,165568.84,321.8,0.328125
2023-10-01,DCL-01,551.81,105.83,167491.38,323.0,0.328125
2023-11-01,DCL-01,532.62,105.27,166970.79,323.3,0.3125
2023-12-01,DCL-01,517.56,105.6,162043.05,325.0,0.3125
2024-01-01,DCL-01,502.5,108.71,164312.7,326.3,0.296875
2024-02-01,DCL-01,496.22,107.78,163826.28,327.1,0.296875
2024-03-01,DCL-01,478.24,107.72,161980.06,328.1,0.28125
2024-04-01,DCL-01,469.82,108.15,159160.95,329.2,0.28125
2024-05-01,DCL-01,451.92,109.41,156729.53,330.6,0.265625
2024-06-01,DCL-01,439.91,108.84,157783.32,331.8,0.265625
2024-07-01,DCL-01,432.12,110.97,156801.38,332.1,0.25
2024-08-01,DCL-01,420.98,109.89,154298.45,334.0,0.25
2024-09-01,DCL-01,419.21,111.09,152188.82,335.1,0.25
2024-10-01,DCL-01,407.29,110.7,154385.45,335.9,0.234375
2024-11-01,DCL-01,395.3,112.29,150372.78,336.6,0.234375
2024-12-01,DCL-01,388.07,111.55,151478.81,337.7,0.234375
2025-01-01,DCL-01,378.97,112.86,149400.03,338.9,0.21875
2025-02-01,DCL-01,377.34,112.59,147731.47,340.2,0.21875
2025-03-01,DCL-01,365.88,113.44,148372.58,341.7,0.21875
2025-04-01,DCL-01,354.45,112.58,145468.79,342.1,0.203125
2025-05-01,DCL-01,354.64,112.27,144640.4,343.5,0.203125
2025-06-01,DCL-01,345.13,113.73,145204.54,345.2,0.203125
2025-07-01,DCL-01,335.8,113.79,141332.06,345.8,0.203125
2025-08-01,DCL-01,331.47,112.54,140224.22,347.5,0.1875
2025-09-01,DCL-01,323.4,113.78,138713.09,348.2,0.1875
2025-10-01,DCL-01,322.27,113.85,137538.23,349.8,0.1875
2025-11-01,DCL-01,317.26,110.95,138381.17,351.1,0.1875
2025-12-01,DCL-01,309.29,111.73,136181.31,352.4,0.1875
2026-01-01,DCL-01,302.63,110.72,136779.33,353.5,0.171875
2026-02-01,DCL-01,299.53,112.86,136825.51,354.2,0.171875
2026-03-01,DCL-01,295.68,110.45,135782.96,355.1,0.171875
2026-04-01,DCL-01,287.58,112.59,133469.11,356.5,0.171875
2026-05-01,DCL-01,282.93,110.25,133239.14,358.0,0.171875
2026-06-01,DCL-01,282.11,112.28,129121.49,358.9,0.15625
2026-07-01,DCL-01,277.55,111.96,130958.99,359.8,0.15625
2026-08-01,DCL-01,267.08,112.16,127732.52,361.1,0.15625
2026-09-01,DCL-01,262.22,112.01,126036.52,363.1,0.15625
2020-10-01,DCL-02,259.93,16.6,36594.2,225.2,0.25
2020-11-01,DCL-02,257.74,17.18,37388.39,225.6,0.234375
2020-12-01,DCL-02,255.9,17.92,37602.2,226.6,0.234375
2021-01-01,DCL-02,248.45,18.99,37348.41,227.5,0.234375
2021-02-01,DCL-02,247.12,19.56,38429.82,228.1,0.234375
2021-03-01,DCL-02,241.8,20.01,38687.44,228.5,0.21875
2021-04-01,DCL-02,237.3,21.13,39272.65,229.6,0.21875
2021-05-01,DCL-02,233.2,21.24,38965.26,230.4,0.21875
2021-06-01,DCL-02,230.39,22.03,40160.05,231.0,0.21875
2021-07-01,DCL-02,232.13,22.8,39832.66,231.7,0.21875
2021-08-01,DCL-02,229.88,23.45,40645.77,232.6,0.203125
2021-09-01,DCL-02,223.16,23.75,39874.48,233.5,0.203125
2021-10-01,DCL-02,218.57,24.2,41146.76,234.1,0.203125
2021-11-01,DCL-02,220.53,24.47,40637.65,235.0,0.203125
2021-12-01,DCL-02,213.28,24.92,41428.88,235.7,0.203125
2022-01-01,DCL-02,213.61,25.54,41118.87,236.7,0.203125
2022-02-01,DCL-02,209.51,25.81,41199.16,237.1,0.1875
2022-03-01,DCL-02,208.19,26.05,41127.89,238.1,0.1875
2022-04-01,DCL-02,202.8,27.05,41646.36,238.8,0.1875
2022-05-01,DCL-02,197.95,27.4,41937.85,240.0,0.1875
2022-06-01,DCL-02,195.76,27.58,41876.34,240.8,0.1875
2022-07-01,DCL-02,191.9,27.63,41430.56,241.1,0.171875
2022-08-01,DCL-02,190.15,28.05,40986.58,242.1,0.171875
2022-09-01,DCL-02,187.47,28.03,41773.59,242.6,0.171875
2022-10-01,DCL-02,184.32,28.4,41983.69,243.9,0.171875
2022-11-01,DCL-02,184.4,28.66,40937.27,244.8,0.171875
2022-12-01,DCL-02,181.98,29.3,40703.27,245.6,0.171875
2023-01-01,DCL-02,179.14,29.54,41634.3,246.1,0.171875
2023-02-01,DCL-02,178.59,29.85,40821.97,247.4,0.15625
2023-03-01,DCL-02,175.53,29.88,40778.87,247.8,0.15625
2023-04-01,DCL-02,170.76,29.9,40563.9,248.8,0.15625
2023-05-01,DCL-02,171.6,29.9,40897.29,249.6,0.15625
2023-06-01,DCL-02,168.96,30.44,41195.89,250.4,0.15625
2023-07-01,DCL-02,163.73,30.7,41059.05,251.4,0.15625
2023-08-01,DCL-02,164.91,30.37,39751.16,252.2,0.15625
2023-09-01,DCL-02,159.82,30.99,40280.46,252.9,0.140625
2023-10-01,DCL-02,158.27,31.35,40417.4,253.5,0.140625
2023-11-01,DCL-02,158.37,30.65,39726.32,254.4,0.140625
2023-12-01,DCL-02,155.23,31.17,39411.8,255.7,0.140625
2024-01-01,DCL-02,149.84,30.75,39824.92,256.5,0.140625
2024-02-01,DCL-02,148.28,31.05,38879.84,257.3,0.140625
2024-03-01,DCL-02,148.49,31.33,39252.5,258.1,0.140625
2024-04-01,DCL-02,144.59,31.33,39238.77,259.1,0.125
2024-05-01,DCL-02,144.96,31.04,38035.93,259.5,0.125
2024-06-01,DCL-02,141.55,31.24,38663.54,260.2,0.125
2024-07-01,DCL-02,138.35,31.33,38348.54,261.5,0.125
2024-08-01,DCL-02,136.76,31.4,37866.05,262.1,0.125
2024-09-01,DCL-02,137.81,31.26,37195.61,263.2,0.125
2024-10-01,DCL-02,133.09,31.39,37879.2,263.9,0.125
2024-11-01,DCL-02,133.45,31.04,37467.46,265.3,0.125
2024-12-01,DCL-02,131.02,31.69,37204.66,265.5,0.125
2025-01-01,DCL-02,127.93,31.51,36871.65,266.7,0.109375
2025-02-01,DCL-02,125.65,30.92,36600.03,267.3,0.109375
2025-03-01,DCL-02,125.74,31.51,36149.49,268.1,0.109375
2025-04-01,DCL-02,123.11,31.45,35916.74,269.8,0.109375
2025-05-01,DCL-02,123.4,30.85,35089.88,270.2,0.109375
2025-06-01,DCL-02,119.95,31.21,35413.76,271.4,0.109375
2025-07-01,DCL-02,119.83,30.72,35304.7,272.4,0.109375
2025-08-01,DCL-02,117.75,30.71,34913.02,272.9,0.109375
2025-09-01,DCL-02,114.88,31.08,34613.03,274.3,0.109375
2025-10-01,DCL-02,112.52,31.0,33732.78,274.6,0.09375
2025-11-01,DCL-02,112.38,30.23,33971.73,275.5,0.09375
2025-12-01,DCL-02,110.28,30.99,33758.55,277.0,0.09375
2026-01-01,DCL-02,110.48,30.33,33166.05,277.4,0.09375
2026-02-01,DCL-02,108.52,30.16,32831.87,278.3,0.09375
2026-03-01,DCL-02,107.4,30.59,32714.9,279.4,0.09375
2026-04-01,DCL-02,105.09,29.87,32038.35,280.2,0.09375
2026-05-01,DCL-02,101.76,30.01,31802.98,281.3,0.09375
2026-06-01,DCL-02,101.01,29.89,32083.83,282.4,0.09375
2026-07-01,DCL-02,99.79,29.34,31287.83,283.4,0.09375
2026-08-01,DCL-02,99.65,29.9,31426.98,284.3,0.09375
2026-09-01,DCL-02,98.3,29.54,30655.83,285.3,0.09375
2023-10-01,DCL-03,412.1,90.19,132145.72,245.1,0.375
2023-11-01,DCL-03,397.56,91.81,132637.88,236.6,0.359375
2023-12-01,DCL-03,386.73,92.11,132310.51,228.4,0.34375
2024-01-01,DCL-03,377.31,93.49,130893.26,220.7,0.34375
2024-02-01,DCL-03,366.65,94.62,129720.48,213.2,0.328125
2024-03-01,DCL-03,360.69,96.87,130053.52,205.8,0.3125
2024-04-01,DCL-03,349.27,96.44,129682.4,198.6,0.3125
2024-05-01,DCL-03,337.89,98.57,129497.52,192.0,0.296875
2024-06-01,DCL-03,333.08,97.37,128660.03,185.3,0.296875
2024-07-01,DCL-03,325.02,98.47,129675.97,178.7,0.28125
2024-08-01,DCL-03,316.18,98.55,127092.33,172.6,0.28125
2024-09-01,DCL-03,308.82,100.61,127455.55,166.8,0.265625
2024-10-01,DCL-03,297.97,99.85,125087.38,160.9,0.265625
2024-11-01,DCL-03,291.96,101.09,126063.6,155.7,0.265625
2024-12-01,DCL-03,288.03,99.72,124027.64,150.0,0.25
2025-01-01,DCL-03,279.51,101.14,122657.35,145.0,0.25
2025-02-01,DCL-03,272.07,99.58,122533.84,140.0,0.234375
2025-03-01,DCL-03,265.19,99.36,121755.72,135.2,0.234375
2025-04-01,DCL-03,259.23,99.86,119312.53,130.4,0.234375
2025-05-01,DCL-03,253.53,99.31,120305.1,126.1,0.21875
2025-06-01,DCL-03,250.86,100.23,118047.57,121.6,0.21875
2025-07-01,DCL-03,242.29,100.4,117749.95,117.5,0.21875
2025-08-01,DCL-03,239.66,99.48,116488.81,113.4,0.203125
2025-09-01,DCL-03,231.17,98.04,113580.24,109.6,0.203125
2025-10-01,DCL-03,227.91,98.32,113571.23,105.9,0.203125
2025-11-01,DCL-03,222.53,97.92,112910.13,102.2,0.203125
2025-12-01,DCL-03,219.41,97.15,110494.64,98.8,0.1875
2026-01-01,DCL-03,213.83,96.6,110417.52,95.2,0.1875
2026-02-01,DCL-03,208.25,96.33,108521.46,92.1,0.1875
2026-03-01,DCL-03,203.42,96.6,107900.83,88.7,0.1875
2026-04-01,DCL-03,201.85,95.17,105924.83,85.8,0.171875
2026-05-01,DCL-03,196.71,95.39,105693.59,82.8,0.171875
2026-06-01,DCL-03,192.47,94.79,103730.26,79.9,0.171875
2026-07-01,DCL-03,188.83,94.2,103147.93,77.2,0.171875
2026-08-01,DCL-03,184.6,93.68,101603.11,74.6,0.15625
2026-09-01,DCL-03,180.42,92.28,101631.57,72.1,0.15625
2021-10-01,DCL-04,181.76,70.75,46994.63,265.3,0.3125
2021-11-01,DCL-04,175.32,75.83,47046.63,266.2,0.296875
2021-12-01,DCL-04,170.18,81.69,46562.62,266.9,0.28125
2022-01-01,DCL-04,162.67,86.52,47817.67,267.9,0.28125
2022-02-01,DCL-04,157.05,92.32,47737.13,268.2,0.265625
2022-03-01,DCL-04,152.0,97.23,48143.14,269.2,0.25
2022-04-01,DCL-04,149.63,103.27,47791.29,270.6,0.25
2022-05-01,DCL-04,142.96,106.03,47133.79,271.4,0.234375
2022-06-01,DCL-04,137.64,112.62,47329.52,271.8,0.234375
2022-07-01,DCL-04,136.86,115.76,47819.05,273.3,0.234375
2022-08-01,DCL-04,131.37,120.57,46885.07,274.3,0.21875
2022-09-01,DCL-04,128.73,127.05,47517.89,274.7,0.21875
2022-10-01,DCL-04,124.9,129.94,47334.64,276.0,0.203125
2022-11-01,DCL-04,123.04,133.28,45996.48,276.5,0.203125
2022-12-01,DCL-04,117.89,140.71,46630.52,277.9,0.203125
2023-01-01,DCL-04,114.27,143.38,45632.39,278.2,0.1875
2023-02-01,DCL-04,111.34,148.57,46525.65,279.9,0.1875
2023-03-01,DCL-04,111.16,152.35,45479.87,280.1,0.1875
2023-04-01,DCL-04,106.71,156.92,45785.49,281.7,0.171875
2023-05-01,DCL-04,105.83,162.26,45718.43,282.1,0.171875
2023-06-01,DCL-04,101.14,165.52,45368.96,283.2,0.171875
2023-07-01,DCL-04,99.31,171.15,45297.52,283.9,0.171875
2023-08-01,DCL-04,98.77,174.09,44421.52,285.1,0.15625
2023-09-01,DCL-04,95.96,177.69,44641.36,286.4,0.15625
2023-10-01,DCL-04,91.95,179.99,43579.65,286.8,0.15625
2023-11-01,DCL-04,92.31,183.34,43555.06,288.1,0.15625
2023-12-01,DCL-04,89.16,186.78,43062.18,289.0,0.140625
2024-01-01,DCL-04,87.65,191.08,42765.19,290.1,0.140625
2024-02-01,DCL-04,84.34,193.91,43246.72,291.2,0.140625
2024-03-01,DCL-04,83.52,202.0,42036.87,292.0,0.140625
2024-04-01,DCL-04,83.19,201.94,41716.66,292.9,0.140625
2024-05-01,DCL-04,81.11,206.36,41735.38,294.1,0.125
2024-06-01,DCL-04,79.31,211.49,41890.62,294.7,0.125
2024-07-01,DCL-04,76.87,211.03,41577.51,296.1,0.125
2024-08-01,DCL-04,76.83,220.42,40724.46,297.0,0.125
2024-09-01,DCL-04,75.46,222.63,40275.56,298.1,0.125
2024-10-01,DCL-04,73.07,223.1,39826.35,298.6,0.125
2024-11-01,DCL-04,72.53,230.59,39988.69,299.7,0.109375
2024-12-01,DCL-04,71.0,229.64,39187.89,300.4,0.109375
2025-01-01,DCL-04,69.08,234.02,38936.69,302.1,0.109375
2025-02-01,DCL-04,68.55,234.62,38642.24,302.5,0.109375
2025-03-01,DCL-04,67.04,242.46,38849.84,303.5,0.109375
2025-04-01,DCL-04,64.72,240.42,38421.2,304.7,0.109375
2025-05-01,DCL-04,65.09,244.78,38407.24,305.9,0.109375
2025-06-01,DCL-04,62.93,246.59,37992.88,307.2,0.109375
2025-07-01,DCL-04,62.96,251.6,37026.63,308.0,0.09375
2025-08-01,DCL-04,61.49,251.72,36758.98,309.0,0.09375
2025-09-01,DCL-04,59.57,254.26,36430.2,310.3,0.09375
2025-10-01,DCL-04,58.59,256.8,36899.84,310.6,0.09375
2025-11-01,DCL-04,59.22,262.73,35688.85,312.2,0.09375
2025-12-01,DCL-04,57.46,264.62,35778.48,313.4,0.09375
2026-01-01,DCL-04,57.34,271.55,35533.87,314.1,0.09375
2026-02-01,DCL-04,56.55,273.92,35215.03,315.3,0.09375
2026-03-01,DCL-04,55.26,274.6,35268.94,316.2,0.09375
2026-04-01,DCL-04,53.33,276.96,34989.03,317.7,0.09375
2026-05-01,DCL-04,53.0,274.25,34380.22,317.9,0.078125
2026-06-01,DCL-04,52.91,275.51,34188.01,319.0,0.078125
2026-07-01,DCL-04,51.41,279.16,34189.56,320.5,0.078125
2026-08-01,DCL-04,51.39,279.03,33131.07,321.3,0.078125
2026-09-01,DCL-04,50.6,287.18,33014.6,323.0,0.078125
2021-10-01,DCL-05,521.29,70.72,465524.91,179.9,0.4375
2021-11-01,DCL-05,514.93,72.75,448631.61,180.4,0.421875
2021-12-01,DCL-05,497.67,71.69,437379.0,181.3,0.40625
2022-01-01,DCL-05,489.06,74.5,414634.68,182.0,0.40625
2022-02-01,DCL-05,477.25,73.18,410470.9,182.2,0.390625
2022-03-01,DCL-05,472.04,74.33,390292.07,183.2,0.390625
2022-04-01,DCL-05,452.44,76.09,380609.08,183.6,0.375
2022-05-01,DCL-05,455.34,76.14,365482.41,184.0,0.375
2022-06-01,DCL-05,442.54,75.55,351015.08,185.1,0.359375
2022-07-01,DCL-05,433.04,76.06,346855.67,185.4,0.359375
2022-08-01,DCL-05,421.46,77.75,334364.52,186.3,0.34375
2022-09-01,DCL-05,419.95,77.48,318675.73,186.8,0.34375
2022-10-01,DCL-05,408.79,77.4,308526.43,187.1,0.328125
2022-11-01,DCL-05,393.53,77.15,298313.51,188.2,0.328125
2022-12-01,DCL-05,393.46,77.77,292420.38,188.5,0.328125
2023-01-01,DCL-05,389.07,78.21,280246.54,189.1,0.3125
2023-02-01,DCL-05,379.62,78.86,276521.96,190.1,0.3125
2023-03-01,DCL-05,368.09,77.42,269744.05,190.7,0.296875
2023-04-01,DCL-05,368.53,76.84,256525.15,190.8,0.296875
2023-05-01,DCL-05,354.97,78.17,252147.7,191.9,0.296875
2023-06-01,DCL-05,347.46,77.71,241944.4,192.2,0.28125
2023-07-01,DCL-05,343.04,76.87,240443.62,193.1,0.28125
2023-08-01,DCL-05,334.38,76.62,229744.2,193.4,0.28125
2023-09-01,DCL-05,331.26,77.08,223031.06,194.1,0.265625
2023-10-01,DCL-05,331.13,77.81,221361.35,194.9,0.265625
2023-11-01,DCL-05,318.5,77.52,213474.51,195.8,0.265625
2023-12-01,DCL-05,313.33,76.72,204466.09,196.0,0.265625
2024-01-01,DCL-05,313.9,75.63,198399.46,197.2,0.25
2024-02-01,DCL-05,308.93,75.36,196095.3,197.9,0.25
2024-03-01,DCL-05,304.07,77.14,190512.34,198.1,0.25
2024-04-01,DCL-05,298.25,75.11,186119.67,198.9,0.234375
2024-05-01,DCL-05,294.02,75.3,180193.0,199.8,0.234375
2024-06-01,DCL-05,291.9,75.48,178416.72,200.2,0.234375
2024-07-01,DCL-05,284.13,75.21,174332.61,200.7,0.234375
2024-08-01,DCL-05,280.32,75.05,165797.65,201.8,0.234375
2024-09-01,DCL-05,275.03,74.54,165149.49,202.2,0.21875
2024-10-01,DCL-05,268.89,74.87,161364.05,202.7,0.21875
2024-11-01,DCL-05,266.56,73.66,157188.41,203.3,0.21875
2024-12-01,DCL-05,264.85,73.88,152186.63,204.2,0.21875
2025-01-01,DCL-05,261.06,72.71,147795.0,205.0,0.203125
2025-02-01,DCL-05,254.11,73.02,146973.01,205.4,0.203125
2025-03-01,DCL-05,248.99,71.96,143910.06,206.2,0.203125
2025-04-01,DCL-05,249.53,71.18,138273.55,207.2,0.203125
2025-05-01,DCL-05,240.66,71.14,137206.91,207.6,0.203125
2025-06-01,DCL-05,241.5,70.91,133274.65,208.5,0.1875
2025-07-01,DCL-05,234.67,70.53,130368.0,208.9,0.1875
2025-08-01,DCL-05,231.6,69.86,125292.04,209.9,0.1875
2025-09-01,DCL-05,227.61,70.06,126211.15,210.7,0.1875
2025-10-01,DCL-05,227.1,69.86,121669.47,211.1,0.1875
2025-11-01,DCL-05,223.51,68.43,120373.65,212.1,0.1875
2025-12-01,DCL-05,218.74,69.4,118192.11,213.0,0.171875
2026-01-01,DCL-05,219.45,68.18,113346.78,213.7,0.171875
2026-02-01,DCL-05,213.37,66.74,112173.5,214.3,0.171875
2026-03-01,DCL-05,214.84,66.34,110394.69,214.8,0.171875
2026-04-01,DCL-05,210.33,66.86,109308.84,215.2,0.171875
2026-05-01,DCL-05,203.9,66.21,106065.96,216.5,0.171875
2026-06-01,DCL-05,203.49,64.98,102317.32,216.9,0.15625
2026-07-01,DCL-05,202.73,65.26,101208.88,217.4,0.15625
2026-08-01,DCL-05,196.64,65.18,98323.12,218.6,0.15625
2026-09-01,DCL-05,193.39,63.92,99309.23,219.0,0.15625
2022-04-01,DCL-06,240.09,66.93,66558.76,254.9,0.3125
2022-05-01,DCL-06,232.46,68.74,67039.42,255.9,0.296875
2022-06-01,DCL-06,223.82,70.93,66167.15,256.7,0.28125
2022-07-01,DCL-06,218.86,71.41,64470.02,257.5,0.28125
2022-08-01,DCL-06,209.67,72.57,63851.62,258.7,0.265625
2022-09-01,DCL-06,204.18,72.7,63580.83,258.9,0.25
2022-10-01,DCL-06,193.96,73.63,62365.86,260.0,0.25
2022-11-01,DCL-06,192.9,74.61,63072.04,261.1,0.234375
2022-12-01,DCL-06,185.96,74.42,62476.06,261.6,0.234375
2023-01-01,DCL-06,178.0,75.54,61951.05,262.5,0.234375
2023-02-01,DCL-06,174.05,77.31,60906.83,263.4,0.21875
2023-03-01,DCL-06,168.94,76.52,60113.94,264.6,0.21875
2023-04-01,DCL-06,166.49,78.06,60181.41,265.8,0.203125
2023-05-01,DCL-06,165.03,78.11,59822.22,266.5,0.203125
2023-06-01,DCL-06,160.45,77.6,57952.54,267.2,0.203125
2023-07-01,DCL-06,153.9,78.13,57062.59,268.1,0.1875
2023-08-01,DCL-06,151.57,79.99,56981.62,269.1,0.1875
2023-09-01,DCL-06,149.92,79.51,56546.21,269.5,0.1875
2023-10-01,DCL-06,143.22,78.69,56522.86,270.5,0.1875
2023-11-01,DCL-06,139.98,78.67,55386.49,271.5,0.171875
2023-12-01,DCL-06,140.1,79.83,55745.36,272.7,0.171875
2024-01-01,DCL-06,137.74,79.23,54162.78,273.1,0.171875
2024-02-01,DCL-06,135.06,79.51,54108.01,274.4,0.171875
2024-03-01,DCL-06,129.14,79.81,54100.12,275.4,0.15625
2024-04-01,DCL-06,129.06,79.98,53836.94,276.2,0.15625
2024-05-01,DCL-06,125.13,80.2,53289.39,277.4,0.15625
2024-06-01,DCL-06,121.98,80.23,52230.67,278.1,0.15625
2024-07-01,DCL-06,121.12,81.71,51281.29,279.1,0.15625
2024-08-01,DCL-06,118.49,81.04,51480.53,280.2,0.140625
2024-09-01,DCL-06,116.54,80.21,50567.44,280.8,0.140625
2024-10-01,DCL-06,115.07,80.61,50751.7,282.2,0.140625
2024-11-01,DCL-06,113.62,79.36,50004.79,282.9,0.140625
2024-12-01,DCL-06,109.84,80.4,49775.01,284.0,0.140625
2025-01-01,DCL-06,109.04,79.01,49160.52,284.6,0.140625
2025-02-01,DCL-06,105.71,79.03,49088.95,285.8,0.125
2025-03-01,DCL-06,106.22,79.85,48756.61,286.6,0.125
2025-04-01,DCL-06,103.53,80.06,48108.06,287.8,0.125
2025-05-01,DCL-06,101.38,79.77,47827.03,288.7,0.125
2025-06-01,DCL-06,101.94,80.04,47571.53,289.1,0.125
2025-07-01,DCL-06,98.61,79.25,46702.64,290.8,0.125
2025-08-01,DCL-06,97.12,77.88,46500.32,291.8,0.125
2025-09-01,DCL-06,95.94,78.93,45845.63,292.2,0.125
2025-10-01,DCL-06,95.56,77.53,46043.24,293.2,0.109375
2025-11-01,DCL-06,94.54,78.34,45310.96,294.1,0.109375
2025-12-01,DCL-06,92.72,76.95,45598.19,295.3,0.109375
2026-01-01,DCL-06,89.43,78.54,45055.15,296.3,0.109375
2026-02-01,DCL-06,88.54,78.42,43859.99,296.9,0.109375
2026-03-01,DCL-06,89.08,76.35,44043.35,298.0,0.109375
2026-04-01,DCL-06,87.88,76.09,43539.8,299.6,0.109375
2026-05-01,DCL-06,86.4,76.74,42825.28,300.5,0.109375
2026-06-01,DCL-06,85.31,76.83,42617.53,300.8,0.109375
2026-07-01,DCL-06,85.04,74.9,42298.56,301.9,0.09375
2026-08-01,DCL-06,83.88,75.11,42033.77,303.5,0.09375
2026-09-01,DCL-06,82.74,75.36,42729.85,304.1,0.09375
